{
  "inputSize": [
    10,
    50,
    100,
    150,
    200,
    250,
    300,
    350,
    400,
    500,
    600,
    700,
    800,
    900,
    1000,
    1250,
    1500,
    1750,
    2000,
    2250,
    2500,
    2750,
    3000,
    3250,
    3500,
    3750,
    4000,
    4250,
    4500,
    4750,
    5000,
    5250,
    5500,
    5750,
    6000
  ],
  "maxTime": [
    0.3388639986515045,
    0.095645010471344,
    0.2615779936313629,
    1.2753599882125854,
    1.3855570256710052,
    0.20840999484062195,
    0.45566999912261963,
    0.280098021030426,
    0.48018699884414673,
    0.6993429958820343,
    0.9418010115623474,
    1.1702130138874054,
    1.4809470176696777,
    1.6194159984588623,
    1.8651989996433258,
    4.753466993570328,
    6.4552329778671265,
    8.138727992773056,
    9.836380004882812,
    11.324403017759323,
    12.973637998104095,
    14.52563300728798,
    16.589136004447937,
    18.310252994298935,
    36.99218699336052,
    42.351171016693115,
    47.041734993457794,
    52.02256199717522,
    57.44292399287224,
    62.236698001623154,
    66.89537599682808,
    72.92098501324654,
    78.25195300579071,
    84.28107997775078,
    88.62779900431633
  ],
  "bubbleSort": [
    [10, 0.10837501287460327],
    [50, 0.05119800567626953],
    [100, 0.19018098711967468],
    [150, 0.1771399974822998],
    [200, 0.1440710127353668],
    [250, 0.04760599136352539],
    [300, 0.0661429762840271],
    [350, 0.0841900110244751],
    [400, 0.11311101913452148],
    [500, 0.17048898339271545],
    [600, 0.23596999049186707],
    [700, 0.3201900124549866],
    [800, 0.43615397810935974],
    [900, 0.5261759757995605],
    [1000, 0.6377519965171814],
    [1250, 1.0106300115585327],
    [1500, 1.3544670045375824],
    [1750, 1.8758260011672974],
    [2000, 2.4836699962615967],
    [2250, 3.0667259991168976],
    [2500, 3.8543460071086884],
    [2750, 4.627283990383148],
    [3000, 5.529830992221832],
    [3250, 6.517351984977722],
    [3500, 7.67671400308609],
    [3750, 8.71374499797821],
    [4000, 10.086914986371994],
    [4250, 11.64139899611473],
    [4500, 13.69435802102089],
    [4750, 14.841834008693695],
    [5000, 16.715560019016266],
    [5250, 18.508691996335983],
    [5500, 20.50517100095749],
    [5750, 22.95057499408722],
    [6000, 26.63873401284218]
  ],
  "selectionSort": [
    10,
    0.046512991189956665,
    50,
    0.045065999031066895,
    100,
    0.16267597675323486,
    150,
    1.2753599882125854,
    200,
    1.0314069986343384,
    250,
    0.03354501724243164,
    300,
    0.0455780029296875,
    350,
    0.05938798189163208,
    400,
    0.08007597923278809,
    500,
    0.11703699827194214,
    600,
    0.16245701909065247,
    700,
    0.22464001178741455,
    800,
    0.28340399265289307,
    900,
    0.3575740158557892,
    1000,
    0.45594102144241333,
    1250,
    0.6618680059909821,
    1500,
    0.9411309957504272,
    1750,
    1.268664002418518,
    2000,
    1.6451629996299744,
    2250,
    2.070017993450165,
    2500,
    2.4725250005722046,
    2750,
    2.9807170033454895,
    3000,
    3.537240982055664,
    3250,
    4.246937990188599,
    3500,
    4.94556400179863,
    3750,
    5.472263008356094,
    4000,
    6.447797000408173,
    4250,
    7.080096006393433,
    4500,
    7.936254024505615,
    4750,
    8.973499983549118,
    5000,
    9.916045010089874,
    5250,
    10.648669987916946,
    5500,
    12.278986990451813,
    5750,
    12.881801009178162,
    6000,
    14.065596997737885
  ],
  "insertionSort": [
    10,
    0.04152101278305054,
    50,
    0.06613299250602722,
    100,
    0.25915300846099854,
    150,
    1.0240910053253174,
    200,
    1.0520319938659668,
    250,
    0.042251020669937134,
    300,
    0.05898800492286682,
    350,
    0.07898500561714172,
    400,
    0.10561099648475647,
    500,
    0.15787097811698914,
    600,
    0.241907000541687,
    700,
    0.31456002593040466,
    800,
    0.4038819968700409,
    900,
    0.5118109881877899,
    1000,
    0.6311459839344025,
    1250,
    1.1285569965839386,
    1500,
    1.379632979631424,
    1750,
    2.0670460164546967,
    2000,
    2.6966899931430817,
    2250,
    3.148476004600525,
    2500,
    4.447587996721268,
    2750,
    4.664133995771408,
    3000,
    5.594861000776291,
    3250,
    6.4213400185108185,
    3500,
    7.7272399961948395,
    3750,
    8.471197992563248,
    4000,
    9.470992982387543,
    4250,
    10.686117023229599,
    4500,
    12.217922002077103,
    4750,
    13.635425001382828,
    5000,
    15.410194009542465,
    5250,
    16.53873100876808,
    5500,
    18.361880004405975,
    5750,
    19.820524990558624,
    6000,
    21.801020979881287
  ],
  "radixSort": [
    10,
    0.3388639986515045,
    50,
    0.05923202633857727,
    100,
    0.10636597871780396,
    150,
    0.15820497274398804,
    200,
    0.31954702734947205,
    250,
    0.20840999484062195,
    300,
    0.24609899520874023,
    350,
    0.280098021030426,
    400,
    0.35725900530815125,
    500,
    0.44892099499702454,
    600,
    0.7693009972572327,
    700,
    0.24848300218582153,
    800,
    0.2794780135154724,
    900,
    0.42659100890159607,
    1000,
    0.6614609956741333,
    1250,
    0.7222830057144165,
    1500,
    0.5640240013599396,
    1750,
    0.6259999871253967,
    2000,
    0.7920510172843933,
    2250,
    0.8716470003128052,
    2500,
    1.0157899856567383,
    2750,
    1.0274380147457123,
    3000,
    1.1757140159606934,
    3250,
    1.1240430176258087,
    3500,
    1.2320869863033295,
    3750,
    1.3788059949874878,
    4000,
    1.4249999821186066,
    4250,
    1.8308099806308746,
    4500,
    1.7411690056324005,
    4750,
    1.734614998102188,
    5000,
    1.746641993522644,
    5250,
    1.8571880161762238,
    5500,
    1.898749977350235,
    5750,
    2.200874000787735,
    6000,
    2.2238929867744446
  ],
  "heapSort": [
    10,
    0.16380998492240906,
    50,
    0.0882599949836731,
    100,
    0.2045689821243286,
    150,
    0.3403150141239166,
    200,
    0.607026994228363,
    250,
    0.08401501178741455,
    300,
    0.09633898735046387,
    350,
    0.16788899898529053,
    400,
    0.09947201609611511,
    500,
    0.16024500131607056,
    600,
    0.15019699931144714,
    700,
    0.23936501145362854,
    800,
    0.7526340186595917,
    900,
    0.12526801228523254,
    1000,
    0.14349499344825745,
    1250,
    0.23957699537277222,
    1500,
    0.23985400795936584,
    1750,
    0.2678219974040985,
    2000,
    0.3112509846687317,
    2250,
    0.36130398511886597,
    2500,
    0.3887609839439392,
    2750,
    0.43984001874923706,
    3000,
    0.48180699348449707,
    3250,
    0.543861985206604,
    3500,
    0.5899370014667511,
    3750,
    0.6228040158748627,
    4000,
    0.7131629884243011,
    4250,
    0.7130270004272461,
    4500,
    0.761341005563736,
    4750,
    0.8260090053081512,
    5000,
    0.9591259956359863,
    5250,
    0.9097169935703278,
    5500,
    0.9541650116443634,
    5750,
    1.0019629895687103,
    6000,
    1.0874040126800537
  ],